name,description,deadline
project1,description1,4/1/2020
project2,description2,3/31/2020
project3,description3,4/30/2020
project4,description4,4/30/2020
project5,description5,6/30/2020
project6,description6,5/31/2020
project7,description7,6/30/2020
project8,description8,6/30/2020
project9,description9,6/30/2020
project10,description10,4/1/2020
project11,description11,5/31/2020
project12,description12,4/1/2020
project13,description13,5/31/2020
project14,description14,5/31/2020
project15,description15,6/30/2020
project16,description16,4/30/2020
project17,description17,6/30/2020
project18,description18,6/30/2020
project19,description19,6/30/2020
project20,description20,6/30/2020
